"","Gene","Gene_Name","Log10_Pvalue","Log_fold_change"
"1","ENSG00000003096","KLHL13",-2.46650937385894,-0.795989969990151
"2","ENSG00000003402","CFLAR",-4.7733911942943,1.01662015357286
"3","ENSG00000004799","PDK4",-9.13524406911914,2.76008814255023
"4","ENSG00000006114",NA,-2.62127974785672,-0.600301410026301
"5","ENSG00000007237","GAS7",-6.78163685213059,-1.70488388285946
"6","ENSG00000008130","NADK",-3.14543973105399,0.667874591057768
"7","ENSG00000008256","CYTH3",-5.19186661616888,1.18171913006464
"8","ENSG00000008311","AASS",-5.26035980113035,1.07080786172586
"9","ENSG00000009413","REV3L",-5.02863519118356,1.04032293917947
"10","ENSG00000010017","RANBP9",-2.48892936809374,0.616193014419568
"11","ENSG00000011198","ABHD5",-3.49534005405732,0.88800429354366
"12","ENSG00000011566","MAP4K3",-2.93357436398202,0.784208129572342
"13","ENSG00000012048","BRCA1",-5.81819831355876,-1.56414312504537
"14","ENSG00000012171","SEMA3B",-3.3836820328017,-0.861583430459702
"15","ENSG00000013293","SLC7A14",-14.5014554811894,-3.07662406051892
"16","ENSG00000013297","CLDN11",-7.58386548168185,-1.76338547211547
"17","ENSG00000016391","CHDH",-4.91524011859401,-2.27494487223684
"18","ENSG00000017483","SLC38A5",-2.63490172549068,-0.929816455153759
"19","ENSG00000019991","HGF",-3.57771965055249,-0.946806029396128
"20","ENSG00000019995","ZRANB1",-4.58439934724356,0.873781158441879
"21","ENSG00000020577","SAMD4A",-6.80281883452068,1.09787401218223
"22","ENSG00000023909","GCLM",-7.20725800516145,1.29310913223699
"23","ENSG00000025423","HSD17B6",-3.5375276747907,-2.17397682499544
"24","ENSG00000025708","TYMP",-3.8962890656239,1.37056601396542
"25","ENSG00000026950","BTN3A1",-4.09095917214166,-0.820401586412532
"26","ENSG00000028137","TNFRSF1B",-2.7180239389646,0.783598922450479
"27","ENSG00000028277","POU2F2",-3.22593054573979,-2.09484503273914
"28","ENSG00000033867","SLC4A7",-4.51928344579161,-0.888636870505259
"29","ENSG00000034152","MAP2K3",-5.64510904120375,1.02873289200474
"30","ENSG00000035403","VCL",-2.89139913058932,0.805492633674612
"31","ENSG00000035664","DAPK2",-4.24438150710473,1.64753395230229
"32","ENSG00000042286","AIFM2",-3.28791227856073,0.719381885599556
"33","ENSG00000044090","CUL7",-2.49248012677504,-0.587187306266944
"34","ENSG00000046653","GPM6B",-4.25812117610587,2.75296669943987
"35","ENSG00000048540","LMO3",-3.38651086240576,1.91845676154745
"36","ENSG00000048740","CELF2",-2.98297796486221,0.776957941049972
"37","ENSG00000049246","PER3",-9.06789144512127,-2.21870743796698
"38","ENSG00000049759","NEDD4L",-5.32057193618651,-1.11875275908391
"39","ENSG00000051108","HERPUD1",-3.14281115640039,0.686534646690082
"40","ENSG00000054938","CHRDL2",-2.66033212949644,-1.6973262173483
"41","ENSG00000055163","CYFIP2",-3.34057415899507,-0.999604351370125
"42","ENSG00000057252","SOAT1",-2.79035742402199,0.634674533229871
"43","ENSG00000060718","COL11A1",-3.60374855224416,2.2351331662299
"44","ENSG00000064115","TM7SF3",-2.47105939472941,0.647839326972789
"45","ENSG00000064309","CDON",-4.19137311342404,-1.27874778974883
"46","ENSG00000064666","CNN2",-3.14309243184299,0.795783739688716
"47","ENSG00000064933","PMS1",-3.0569888754319,0.727679003140325
"48","ENSG00000065809","FAM107B",-4.62762628254119,-1.01548453876959
"49","ENSG00000065882","TBC1D1",-2.6748191743114,0.652268273403631
"50","ENSG00000066697","MSANTD3",-2.51752827824749,-0.715249329584169
"51","ENSG00000067082","KLF6",-5.26443342440005,0.932141215109445
"52","ENSG00000067113","PLPP1",-3.12984148207594,-0.778617780804675
"53","ENSG00000067369","TP53BP1",-4.39840424592449,-0.817423497119285
"54","ENSG00000067445","TRO",-4.08255444729595,-0.837572283475388
"55","ENSG00000067798","NAV3",-5.9235104833631,2.08935037585306
"56","ENSG00000068383","INPP5A",-5.35165991414483,1.40082791618267
"57","ENSG00000068831","RASGRP2",-3.17903975710867,1.70144031910614
"58","ENSG00000069020","MAST4",-4.09540263425925,-0.847333908900972
"59","ENSG00000069431","ABCC9",-3.97281492046729,1.02997128479645
"60","ENSG00000069535","MAOB",-2.46550193792169,1.23268482043866
"61","ENSG00000069998","CECR5",-3.16794895162565,0.875732458892962
"62","ENSG00000070404","FSTL3",-7.37581181213352,1.778866148574
"63","ENSG00000070540","WIPI1",-3.67694432445364,0.879665356179331
"64","ENSG00000070669","ASNS",-3.87562442204299,-0.937074270784418
"65","ENSG00000070882","OSBPL3",-6.10993086900503,-1.02602745008193
"66","ENSG00000071127","WDR1",-3.69758591928904,0.865281034979677
"67","ENSG00000071242","RPS6KA2",-3.65598856291845,0.853996970075831
"68","ENSG00000071282","LMCD1",-6.8806992050132,1.46807369661213
"69","ENSG00000072163","LIMS2",-4.38378890163201,1.41054439145174
"70","ENSG00000072210","ALDH3A2",-5.5902501652387,-1.01991203730912
"71","ENSG00000072571","HMMR",-3.35502966938021,1.90721765088865
"72","ENSG00000072958","AP1M1",-5.7580939637098,1.00166010833011
"73","ENSG00000073712","FERMT2",-2.46180740304475,0.617002762194693
"74","ENSG00000073792","IGF2BP2",-2.66572790605935,0.678901910346593
"75","ENSG00000074047","GLI2",-3.71307289753634,-0.907923563054915
"76","ENSG00000074219","TEAD2",-2.63228209313994,-0.677201179702297
"77","ENSG00000074590","NUAK1",-6.14262649286195,1.31993698735362
"78","ENSG00000075213","SEMA3A",-5.00459962001214,-1.13965401976302
"79","ENSG00000075240","GRAMD4",-4.38966680781634,-0.987697581411199
"80","ENSG00000075624","ACTB",-3.64637335781223,0.936619852038684
"81","ENSG00000075651","PLD1",-3.20402217289086,-0.773688964399616
"82","ENSG00000076716","GPC4",-3.38626592830817,0.962716775360502
"83","ENSG00000077063","CTTNBP2",-3.28596015011073,-0.930730301810239
"84","ENSG00000077254","USP33",-3.66552412730661,0.777639553357086
"85","ENSG00000077684","JADE1",-7.57836426631965,1.14751651104598
"86","ENSG00000077943","ITGA8",-4.56086879255659,1.21736526181025
"87","ENSG00000078053","AMPH",-3.73389825343404,0.981957279414783
"88","ENSG00000078124","ACER3",-2.80951525445841,0.800448889815878
"89","ENSG00000078699","CBFA2T2",-2.54556876702676,-0.64250833670721
"90","ENSG00000079691","CARMIL1",-5.42898145429027,0.962707857720584
"91","ENSG00000080493","SLC4A4",-2.79800859994255,-0.885278106460656
"92","ENSG00000081052","COL4A4",-3.46085559122096,1.77369353838171
"93","ENSG00000081320","STK17B",-4.31250450445405,1.05784253614164
"94","ENSG00000081377","CDC14B",-3.63306275920574,0.832329593685749
"95","ENSG00000082146","STRADB",-3.43817352729195,0.851451886644373
"96","ENSG00000082458","DLG3",-2.6229240606905,-0.708815731638181
"97","ENSG00000083223","ZCCHC6",-5.38085680988093,1.06139163088676
"98","ENSG00000083290","ULK2",-5.83478184058641,1.12322745105619
"99","ENSG00000084090","STARD7",-5.96505108429854,1.19313559680131
"100","ENSG00000084764","MAPRE3",-3.70656410448091,-0.926325871129259
"101","ENSG00000085117","CD82",-5.20632996086026,1.2480374925099
"102","ENSG00000085415","SEH1L",-3.15928403935192,0.770429924538829
"103","ENSG00000086062","B4GALT1",-2.89903520119011,-0.673507815291797
"104","ENSG00000087086","FTL",-2.7025988261525,-0.689080436295226
"105","ENSG00000087116","ADAMTS2",-2.7741098496158,0.660889363368976
"106","ENSG00000087266","SH3BP2",-3.86270386030242,-0.882619420969837
"107","ENSG00000087448","KLHL42",-5.26814824979546,0.929367629144931
"108","ENSG00000088756","ARHGAP28",-3.23309181027728,-1.51627467827944
"109","ENSG00000089041","P2RX7",-4.46781234082405,-1.60191327516866
"110","ENSG00000090376","IRAK3",-3.48212721226883,0.88754953697843
"111","ENSG00000091136","LAMB1",-3.19621915771359,0.753539513358744
"112","ENSG00000091262","ABCC6",-3.09189145794758,-1.30074822475516
"113","ENSG00000091527","CDV3",-3.40177355135529,0.752633980484035
"114","ENSG00000092621","PHGDH",-4.82855819361818,-1.29818019618458
"115","ENSG00000092969","TGFB2",-5.15189764419539,-1.56128518719701
"116","ENSG00000093144","ECHDC1",-3.57623476503205,0.727565067192413
"117","ENSG00000093167","LRRFIP2",-2.74905255951083,0.660746677478979
"118","ENSG00000095637","SORBS1",-2.76746517541361,1.72942510743212
"119","ENSG00000096060","FKBP5",-35.9381401220353,3.75871632462627
"120","ENSG00000097096","SYDE2",-3.61548447918803,1.14569938603687
"121","ENSG00000099194","SCD",-14.2357982128896,-2.05889570369789
"122","ENSG00000099204","ABLIM1",-4.89700765566531,1.14681848211731
"123","ENSG00000099337","KCNK6",-10.5383509937598,2.79805597895212
"124","ENSG00000099860","GADD45B",-8.00954359128605,1.43520023770685
"125","ENSG00000099998","GGT5",-3.19619751623761,2.42541620341672
"126","ENSG00000100033","PRODH",-9.74153945948188,5.86343414353944
"127","ENSG00000100154","TTC28",-3.43559121301173,-0.777020096912595
"128","ENSG00000100242","SUN2",-8.57608687884949,1.78548339413458
"129","ENSG00000100292","HMOX1",-5.62231414785909,-1.40307452499131
"130","ENSG00000100592","DAAM1",-4.54283397143229,-0.979132865749343
"131","ENSG00000100626","GALNT16",-6.01373388378825,-1.06815516433557
"132","ENSG00000100739","BDKRB1",-6.2255664863253,-1.62687409024655
"133","ENSG00000100767","PAPLN",-2.47894853612375,1.10017840071318
"134","ENSG00000100784","RPS6KA5",-8.56155797449364,-2.56738039595509
"135","ENSG00000101255","TRIB3",-3.94304465093635,-1.23529931569843
"136","ENSG00000101265","RASSF2",-2.67657669601618,-1.23151407148203
"137","ENSG00000101290","CDS2",-3.2898456039438,0.724669237684661
"138","ENSG00000101342","TLDC2",-18.0471166272194,3.37105003388339
"139","ENSG00000101347","SAMHD1",-29.1035630692494,3.66774595843928
"140","ENSG00000101608","MYL12A",-3.32401783311354,0.857079026012036
"141","ENSG00000101825","MXRA5",-5.30682488491812,-1.45624735847607
"142","ENSG00000101955","SRPX",-3.95301856268946,0.875891699153946
"143","ENSG00000102221","JADE3",-4.76231078851239,-1.2204292244358
"144","ENSG00000102385","DRP2",-2.67582811998169,-1.16814309856074
"145","ENSG00000102466","FGF14",-2.68871445113672,1.02499578317192
"146","ENSG00000102524","TNFSF13B",-4.37389428884283,-1.92723077286629
"147","ENSG00000102554","KLF5",-6.19203299181985,2.34772576831013
"148","ENSG00000102760","RGCC",-6.94264586701803,2.98205552820855
"149","ENSG00000102780","DGKH",-3.12353268970171,0.805296298637663
"150","ENSG00000102804","TSC22D1",-6.24817316881746,1.19405747691158
"151","ENSG00000102935","ZNF423",-3.02118969038074,-1.73404265077935
"152","ENSG00000102984","ZNF821",-3.71564419400058,-1.46424222239557
"153","ENSG00000103061","SLC7A6OS",-3.7000638723646,0.85089686670466
"154","ENSG00000103064","SLC7A6",-6.8850627887214,1.22995998525834
"155","ENSG00000103175","WFDC1",-4.21980524044861,1.6619422996164
"156","ENSG00000103196","CRISPLD2",-15.6001408578197,2.53194101325753
"157","ENSG00000103257","SLC7A5",-3.61110769138497,-1.0906519755992
"158","ENSG00000103381","CPPED1",-3.81320317367237,0.856845328662258
"159","ENSG00000103485","QPRT",-7.63326001699093,-1.14317407561947
"160","ENSG00000103502","CDIPT",-3.89212772645925,0.781087859600998
"161","ENSG00000103647","CORO2B",-10.4817159408246,-1.66436631321795
"162","ENSG00000103710","RASL12",-3.44148962759093,-1.08166049287863
"163","ENSG00000103742","IGDCC4",-4.40807131530197,-2.05305860467532
"164","ENSG00000104687","GSR",-3.34054911316945,0.769142584692042
"165","ENSG00000104756","KCTD9",-3.69799265723788,0.750760410066321
"166","ENSG00000104936","DMPK",-3.34229616572125,0.786068009937834
"167","ENSG00000105419","MEIS3",-3.21385135088969,0.720635720054242
"168","ENSG00000105516","DBP",-2.50354898270374,-1.0932564555314
"169","ENSG00000105552","BCAT2",-3.08158206007299,0.797573053188372
"170","ENSG00000105711","SCN1B",-2.68081006804778,-1.2058888934166
"171","ENSG00000105835","NAMPT",-4.04577243195818,0.876349965561327
"172","ENSG00000105855","ITGB8",-2.5020499461595,-0.601099647991944
"173","ENSG00000105989","WNT2",-3.06117083348601,-2.77707394720528
"174","ENSG00000106034","CPED1",-2.67711606380489,1.01162403143653
"175","ENSG00000106123","EPHB6",-2.72728904846232,1.16114821736485
"176","ENSG00000106484","MEST",-4.0239419594171,-1.82545838902464
"177","ENSG00000106615","RHEB",-4.87381173807772,0.939654766827487
"178","ENSG00000106617","PRKAG2",-7.1911435584522,1.6101124958333
"179","ENSG00000106772","PRUNE2",-2.93477330054958,0.668859901818328
"180","ENSG00000106948","AKNA",-2.86186171096431,-0.901070698596452
"181","ENSG00000106976","DNM1",-10.5619107274652,-1.71870364741947
"182","ENSG00000107104","KANK1",-4.07127524667186,1.03803248199369
"183","ENSG00000107338","SHB",-3.18970185432465,-1.10264818891222
"184","ENSG00000107438","PDLIM1",-2.48538658200502,0.696741797517193
"185","ENSG00000107562","CXCL12",-8.98029447360953,-1.96331779315569
"186","ENSG00000107611","CUBN",-2.47524112495101,-1.42914345227294
"187","ENSG00000107731","UNC5B",-2.71663312609309,-0.857136511637206
"188","ENSG00000107796","ACTA2",-3.73576859405662,1.11391886485726
"189","ENSG00000107821","KAZALD1",-3.01082602879947,-0.905136212667701
"190","ENSG00000107968","MAP3K8",-4.11231914894308,1.01932118429148
"191","ENSG00000108604","SMARCD2",-6.33887063320892,1.23908422105682
"192","ENSG00000108821","COL1A1",-8.39744390060717,-1.26307269101415
"193","ENSG00000108828","VAT1",-2.68665097845885,-0.714061992534402
"194","ENSG00000108830","RND2",-8.36586446987569,-2.36588803830606
"195","ENSG00000108950","FAM20A",-4.21912509601686,0.994856770158982
"196","ENSG00000108960","MMD",-8.22862826607303,1.47287205322634
"197","ENSG00000109189","USP46",-2.488246033398,0.648345347540714
"198","ENSG00000109339","MAPK10",-2.78255244669049,-0.762578534962859
"199","ENSG00000109654","TRIM2",-5.6415050997266,-0.963902876611561
"200","ENSG00000109680","TBC1D19",-2.76582145370276,-0.832996031780292
"201","ENSG00000109689","STIM2",-4.90916869033923,-1.05051026789183
"202","ENSG00000109861","CTSC",-3.23345863992933,0.968304439616444
"203","ENSG00000109881","CCDC34",-3.31428430817009,-1.47468106832988
"204","ENSG00000109906","ZBTB16",-48.3123696767865,7.46091951389094
"205","ENSG00000110090","CPT1A",-3.24313210267344,0.725697737066845
"206","ENSG00000110400","NECTIN1",-2.74634800832058,-0.98896979120716
"207","ENSG00000110721","CHKA",-2.66957626046097,0.978464427400497
"208","ENSG00000110756","HPS5",-9.67329313994131,1.48206583268752
"209","ENSG00000110900","TSPAN11",-6.88629056389533,-1.3799556556162
"210","ENSG00000111371","SLC38A1",-3.39074489964043,0.856217249349491
"211","ENSG00000111728","ST8SIA1",-4.32484078548985,-1.52720636358718
"212","ENSG00000111801","BTN3A3",-3.03104811123826,-0.768353488474296
"213","ENSG00000111859","NEDD9",-5.69523174493055,1.52414374751645
"214","ENSG00000111885","MAN1A1",-2.51473688960098,0.712912707649401
"215","ENSG00000112218","GPR63",-3.29001196586404,1.56313731264308
"216","ENSG00000112576","CCND3",-3.86689968277786,0.89260284297854
"217","ENSG00000112658","SRF",-5.44550897459905,1.00168979161258
"218","ENSG00000112715","VEGFA",-4.44764901949225,-1.19461740178417
"219","ENSG00000112773","FAM46A",-6.35796926404692,-1.12152551559158
"220","ENSG00000112837","TBX18",-12.0362019429936,-1.71976650731789
"221","ENSG00000112936","C7",-8.21795831168162,3.11404069365688
"222","ENSG00000113456","RAD1",-4.54724267577872,0.842384338144783
"223","ENSG00000113460","BRIX1",-5.51464309892296,1.15759638083821
"224","ENSG00000113580","NR3C1",-5.19574154062117,-1.01448428213424
"225","ENSG00000113657","DPYSL3",-2.74494393667615,-0.662301448149666
"226","ENSG00000113719","ERGIC1",-2.73261762224232,0.693622917724524
"227","ENSG00000113739","STC2",-2.65007259604838,0.991059314207693
"228","ENSG00000113916","BCL6",-3.02748028982062,0.676656621389558
"229","ENSG00000114019","AMOTL2",-3.19190618186206,0.798118359485648
"230","ENSG00000114098","ARMC8",-8.78396126433331,1.19886258063292
"231","ENSG00000114270","COL7A1",-5.28770455592078,1.0993534813773
"232","ENSG00000114450","GNB4",-4.16832920034008,0.827231265077574
"233","ENSG00000114670","NEK11",-3.20077316626566,-1.06653090923153
"234","ENSG00000114767","RRP9",-3.35172336412906,1.01290133662672
"235","ENSG00000114853","ZBTB47",-3.48035077157896,0.747675307448961
"236","ENSG00000115084","SLC35F5",-2.67671679589977,0.680795469874092
"237","ENSG00000115091","ACTR3",-2.58360470824994,0.61457926326247
"238","ENSG00000115419","GLS",-8.76105966510338,1.28999931373881
"239","ENSG00000115884","SDC1",-3.22073357690212,-0.829592037249331
"240","ENSG00000115963","RND3",-3.00572103869179,-0.748579088147288
"241","ENSG00000115993","TRAK2",-3.16636750667161,0.843512113688992
"242","ENSG00000116132","PRRX1",-3.72526690465685,-0.771012642624613
"243","ENSG00000116133","DHCR24",-2.7492985291329,0.769931547747412
"244","ENSG00000116194","ANGPTL1",-4.85440334103506,2.14434926881539
"245","ENSG00000116285","ERRFI1",-15.4908925978863,2.26863561226996
"246","ENSG00000116584","ARHGEF2",-6.31360449930273,-1.02990094372683
"247","ENSG00000116649","SRM",-2.6906011167741,0.682489877845443
"248","ENSG00000116675","DNAJC6",-3.71925151468928,1.94562927478008
"249","ENSG00000116679","IVNS1ABP",-3.15765293666016,-0.75877634602702
"250","ENSG00000116704","SLC35D1",-3.3392719132368,0.746925741917491
"251","ENSG00000116711","PLA2G4A",-6.2577722341526,-2.29226342324985
"252","ENSG00000116962","NID1",-6.2766318996172,1.48726136511022
"253","ENSG00000116991","SIPA1L2",-4.87062712333653,-2.97867020839582
"254","ENSG00000117122","MFAP2",-3.25262074490587,-0.756633797408648
"255","ENSG00000117461","PIK3R3",-5.28913140073215,-1.74589863392186
"256","ENSG00000117600","PLPPR4",-3.70360229579491,-2.02374345425952
"257","ENSG00000117758","STX12",-3.5765428820283,0.821903835467022
"258","ENSG00000118257","NRP2",-3.19487776863247,0.698956019656882
"259","ENSG00000118515","SGK1",-3.00412603890079,0.705488619655095
"260","ENSG00000118689","FOXO3",-7.01990527053259,1.15068129322343
"261","ENSG00000119138","KLF9",-15.0757212338712,1.97389538703425
"262","ENSG00000119139","TJP2",-9.26897438953579,1.82265439836756
"263","ENSG00000119508","NR4A3",-6.65468438358477,2.29828515728068
"264","ENSG00000119630","PGF",-3.50850194543025,-1.28025628368661
"265","ENSG00000119711","ALDH6A1",-5.0194250175565,1.12107516939424
"266","ENSG00000119714","GPR68",-6.46753056040076,-2.92542926686945
"267","ENSG00000120129","DUSP1",-26.3283727321065,2.82436060745372
"268","ENSG00000120162","MOB3B",-6.74933854524257,2.83638418348314
"269","ENSG00000120690","ELF1",-4.9259826011136,0.920048423699365
"270","ENSG00000120837","NFYB",-2.55415469885663,1.01960347041451
"271","ENSG00000121621","KIF18A",-3.07534886065164,-1.80780642775098
"272","ENSG00000121691","CAT",-2.65125329139592,0.727941094829635
"273","ENSG00000122035","RASL11A",-7.14842663380688,2.15909632079352
"274","ENSG00000122420","PTGFR",-2.57288651591146,-0.801735304975816
"275","ENSG00000122641","INHBA",-2.67167409812506,1.09830489157012
"276","ENSG00000122786","CALD1",-3.78435394496134,0.836436084123174
"277","ENSG00000122863","CHST3",-3.35444311763584,0.757730143498213
"278","ENSG00000122966","CIT",-8.56665235980469,-1.83693654788266
"279","ENSG00000122971","ACADS",-3.80008896869529,0.975458377479877
"280","ENSG00000123094","RASSF8",-3.1865641476265,0.771535302406497
"281","ENSG00000123213","NLN",-3.65682911296737,0.898799216344436
"282","ENSG00000123358","NR4A1",-4.13507358913838,1.29960572005531
"283","ENSG00000123562","MORF4L2",-5.80032745805344,1.00684220293544
"284","ENSG00000123610","TNFAIP6",-5.49553626116692,-2.14662334454918
"285","ENSG00000123643","SLC36A1",-2.78055297471374,0.65878787852543
"286","ENSG00000123685","BATF3",-5.772732132964,2.88385258121754
"287","ENSG00000123689","G0S2",-3.79170904108972,-2.17091541723793
"288","ENSG00000124104","SNX21",-2.68570621155959,-0.81164984160807
"289","ENSG00000124151","NCOA3",-7.26146572752133,1.24307535271312
"290","ENSG00000124440","HIF3A",-8.4027876234778,2.68266947191758
"291","ENSG00000124496","TRERF1",-2.874942175047,-0.704931471663327
"292","ENSG00000124608","AARS2",-2.56554090197744,-0.81138938614401
"293","ENSG00000124615","MOCS1",-4.4442231063155,0.825403827752143
"294","ENSG00000124702","KLHDC3",-2.53013904431849,0.599191246878102
"295","ENSG00000124762","CDKN1A",-3.99810634163404,-1.03778632849927
"296","ENSG00000124766","SOX4",-15.1847393720377,-2.31737353736162
"297","ENSG00000125148","MT2A",-20.8140793960587,2.16353164022786
"298","ENSG00000125398","SOX9",-3.0410824266571,-1.21485603645054
"299","ENSG00000125430","HS3ST3B1",-3.74011469031667,1.02823653566601
"300","ENSG00000125676","THOC2",-2.4519532207428,0.662854388375837
"301","ENSG00000125848","FLRT3",-7.05173337620004,-2.19579565804953
"302","ENSG00000125868","DSTN",-3.18870317231271,0.929888720188052
"303","ENSG00000125965","GDF5",-3.96397232114842,-1.17479080683578
"304","ENSG00000126016","AMOT",-8.34069409737648,-2.13033888993155
"305","ENSG00000126705","AHDC1",-2.60992419230184,-0.656396284172744
"306","ENSG00000126785","RHOJ",-2.98744926666902,-1.12233579998917
"307","ENSG00000126803","HSPA2",-6.06695504196323,2.59891827856294
"308","ENSG00000126861","OMG",-11.5490041009638,-1.87520888540459
"309","ENSG00000126878","AIF1L",-4.93882794851555,-2.86819698988438
"310","ENSG00000126950","TMEM35A",-5.85127677937326,-1.53076904285183
"311","ENSG00000127083","OMD",-4.38522242692195,1.77571054617714
"312","ENSG00000127824","TUBA4A",-6.81135221285782,-1.3699227979402
"313","ENSG00000127954","STEAP4",-9.53182858558478,5.45475058270133
"314","ENSG00000128045","RASL11B",-7.33784835000909,3.73923000980595
"315","ENSG00000128165","ADM2",-4.81955488579491,-2.44329337191783
"316","ENSG00000128309","MPST",-3.39486810894442,0.874219221173453
"317","ENSG00000128311","TST",-6.8019012106037,1.36506392304428
"318","ENSG00000128342","LIF",-6.52251485148555,-2.18080017983034
"319","ENSG00000128510","CPA4",-3.84512681461026,-2.5578523797914
"320","ENSG00000128606","LRRC17",-6.15881736225618,-2.48601760083214
"321","ENSG00000128699","ORMDL1",-4.68274477587999,0.942019181914171
"322","ENSG00000128923","FAM63B",-5.49631272963385,1.01174231232994
"323","ENSG00000129048","ACKR4",-4.10304705523121,-1.32047530538293
"324","ENSG00000129116","PALLD",-2.85504054858061,0.843760292712158
"325","ENSG00000129467","ADCY4",-4.36128868307732,-1.55130247077931
"326","ENSG00000130066","SAT1",-7.03690944415274,1.2297022944925
"327","ENSG00000130224","LRCH2",-2.60158324123798,0.723534075961111
"328","ENSG00000130402","ACTN4",-2.78378405435295,0.788372866691135
"329","ENSG00000130513","GDF15",-7.0381795442655,-1.86787210877615
"330","ENSG00000130529","TRPM4",-2.85971346301158,0.765671680387433
"331","ENSG00000130600","H19",-2.6701078693205,-1.66787552739917
"332","ENSG00000130766","SESN2",-3.1182129001295,-0.88387810933153
"333","ENSG00000130956","HABP4",-2.45018512688225,0.685702777490839
"334","ENSG00000131016","AKAP12",-2.52567302439233,-1.09363160219528
"335","ENSG00000131080","EDA2R",-4.64764235804441,-0.986740947568519
"336","ENSG00000131242","RAB11FIP4",-3.64820973641491,-2.06454347027164
"337","ENSG00000131370","SH3BP5",-2.7506041526977,-0.805096532550783
"338","ENSG00000131386","GALNT15",-7.4316227076552,1.3820354456316
"339","ENSG00000131389","SLC6A6",-13.3317161015679,-2.05492619355055
"340","ENSG00000131446","MGAT1",-3.82436818743997,0.814040289937961
"341","ENSG00000131459","GFPT2",-4.06784873281838,1.19285781045354
"342","ENSG00000131771","PPP1R1B",-4.50477666506016,-2.79336910586137
"343","ENSG00000131871","VIMP",-3.41740977333234,0.701139694069019
"344","ENSG00000131979","GCH1",-2.76834485193049,1.27040608899215
"345","ENSG00000132155","RAF1",-3.09609863735611,0.704001107910241
"346","ENSG00000132170","PPARG",-2.5822499893116,0.918121514871223
"347","ENSG00000132199","ENOSF1",-3.0606330412147,-0.826690949949606
"348","ENSG00000132356","PRKAA1",-4.55931475008978,0.846544801364892
"349","ENSG00000132530","XAF1",-5.20769150835147,-0.986970086907525
"350","ENSG00000132613","MTSS1L",-3.100038241851,0.83992621658308
"351","ENSG00000132622","HSPA12B",-4.34413796298591,-2.21850257052483
"352","ENSG00000132646","PCNA",-2.71919013847511,-0.641568560114448
"353","ENSG00000132688","NES",-2.48401719576578,-0.842031270992357
"354","ENSG00000132970","WASF3",-6.66108508844477,1.07924638850626
"355","ENSG00000133069","TMCC2",-2.67646675174121,-1.06679668186123
"356","ENSG00000133142","TCEAL4",-10.6772494498244,1.52606348230925
"357","ENSG00000133216","EPHB2",-3.6443396391121,-1.5943041365806
"358","ENSG00000133641","C12orf29",-2.79972646260615,0.76924572841859
"359","ENSG00000133789","SWAP70",-2.60497976557293,0.636908921070304
"360","ENSG00000133816","MICAL2",-3.65151133701336,1.09374589625924
"361","ENSG00000133943","C14orf159",-3.32585867484893,-0.886538079805775
"362","ENSG00000134121","CHL1",-4.58356468491101,1.72457313607262
"363","ENSG00000134138","MEIS2",-2.71400211449097,-0.84319084906945
"364","ENSG00000134243","SORT1",-9.95275118198694,2.09600119125374
"365","ENSG00000134253","TRIM45",-7.01317450136659,-1.98422756059691
"366","ENSG00000134294","SLC38A2",-5.57145470028808,1.13409449990655
"367","ENSG00000134318","ROCK2",-3.75028988686992,0.792320509421977
"368","ENSG00000134333","LDHA",-3.35663470249864,0.883032735464255
"369","ENSG00000134363","FST",-7.1537104203901,-1.81521445129741
"370","ENSG00000134508","CABLES1",-3.18696315124349,0.762887840031484
"371","ENSG00000134531","EMP1",-4.35799260482838,0.916880377767818
"372","ENSG00000134684","YARS",-3.37579445499093,-0.729425476372046
"373","ENSG00000134686","PHC2",-9.75742598262202,1.30464223836772
"374","ENSG00000134769","DTNA",-3.61600210732539,-0.96906126057993
"375","ENSG00000134851","TMEM165",-2.51928748648579,0.600538898678886
"376","ENSG00000134871","COL4A2",-3.44759260531999,0.865848813022703
"377","ENSG00000134986","NREP",-3.00951197431853,-0.715185354939453
"378","ENSG00000134987","WDR36",-2.753157959862,-0.617570424330222
"379","ENSG00000135048","TMEM2",-3.72236354532025,0.8567462532119
"380","ENSG00000135069","PSAT1",-4.22013621306137,-1.17930720613487
"381","ENSG00000135318","NT5E",-3.94243024327841,-0.880395936154677
"382","ENSG00000135362","PRR5L",-4.89297070829986,1.5899648000882
"383","ENSG00000135446","CDK4",-2.56691916270613,-0.655729485854439
"384","ENSG00000135472","FAIM2",-5.20082761271955,-1.62918811256921
"385","ENSG00000135678","CPM",-5.33192258734966,1.55575802413979
"386","ENSG00000135723","FHOD1",-2.95071415535638,-0.871695934796119
"387","ENSG00000135821","GLUL",-18.7185729825571,2.74100244191477
"388","ENSG00000135862","LAMC1",-3.17558213945489,0.718331757105707
"389","ENSG00000136052","SLC41A2",-3.84674461703063,-1.07794825293821
"390","ENSG00000136237","RAPGEF5",-4.31537409680976,2.51608722515551
"391","ENSG00000136383","ALPK3",-5.48568537035012,3.18592182623208
"392","ENSG00000136436","CALCOCO2",-5.12399664336028,1.06542857216856
"393","ENSG00000136478","TEX2",-8.12080597922945,1.45978936473911
"394","ENSG00000136536","MARCH7",-2.7742068623015,0.847730371704381
"395","ENSG00000136546","SCN7A",-4.57032118152448,1.2680353237981
"396","ENSG00000136859","ANGPTL2",-4.77585498522447,-0.966997692706136
"397","ENSG00000136877","FPGS",-2.57621639155449,0.580604762357225
"398","ENSG00000136997","MYC",-3.26692702252047,0.790216276215835
"399","ENSG00000136999","NOV",-9.2308257521488,-2.28130898189324
"400","ENSG00000137124","ALDH1B1",-4.67501777150867,1.10357881873068
"401","ENSG00000137135","ARHGEF39",-3.66509626119789,0.870857366334206
"402","ENSG00000137193","PIM1",-3.63275165411371,-0.967120040240059
"403","ENSG00000137265","IRF4",-2.47536469528658,1.39481463521707
"404","ENSG00000137266","SLC22A23",-5.7629441367414,-1.41657335890803
"405","ENSG00000137393","RNF144B",-6.26963966335171,1.80267500983617
"406","ENSG00000137672","TRPC6",-12.8716120109014,1.9763264173373
"407","ENSG00000137727","ARHGAP20",-2.56308639561141,-0.647978751170282
"408","ENSG00000137767","SQRDL",-4.67451260398162,0.969628843749038
"409","ENSG00000137801","THBS1",-7.15009624962728,1.82057604810537
"410","ENSG00000137872","SEMA6D",-5.2559860072777,-1.46147893845579
"411","ENSG00000137880","GCHFR",-2.5184230603767,1.22760133789401
"412","ENSG00000137959","IFI44L",-2.74872784648502,1.29324523406611
"413","ENSG00000137962","ARHGAP29",-4.06540966397168,1.0342098688611
"414","ENSG00000137965","IFI44",-2.67603147690426,-0.931900774757449
"415","ENSG00000138073","PREB",-5.97666583681548,1.12969073431815
"416","ENSG00000138074","SLC5A6",-7.04564081009514,1.20486450769212
"417","ENSG00000138078","PREPL",-3.33174267923724,-0.687197195316161
"418","ENSG00000138135","CH25H",-4.69089326779308,-2.11036708233538
"419","ENSG00000138166","DUSP5",-4.46327798292031,1.23185075695657
"420","ENSG00000138316","ADAMTS14",-14.8073918583948,-2.29737905519884
"421","ENSG00000138356","AOX1",-3.84353325266296,1.26877507996941
"422","ENSG00000138385","SSB",-3.56135557931289,0.888050548926908
"423","ENSG00000138468","SENP7",-2.57396190947102,-0.795606283948805
"424","ENSG00000138604","GLCE",-4.31153027212904,0.958657068866244
"425","ENSG00000138615","CILP",-4.73411402596448,1.33878704330048
"426","ENSG00000138669","PRKG2",-3.54065274187611,-1.52101405571286
"427","ENSG00000138735","PDE5A",-4.05297136580158,-1.12689118099521
"428","ENSG00000138829","FBN2",-4.36920632106642,2.0127189623133
"429","ENSG00000139132","FGD4",-23.5856290814385,2.13993992574941
"430","ENSG00000139289","PHLDA1",-6.81928858930055,-1.12424017580858
"431","ENSG00000139291","TMEM19",-2.75075026414743,0.718328634245553
"432","ENSG00000139567","ACVRL1",-3.6674559931003,0.890132875213241
"433","ENSG00000139793","MBNL2",-2.47584216396299,0.570799541539322
"434","ENSG00000139946","PELI2",-2.55892838856051,-0.779749305374436
"435","ENSG00000140105","WARS",-5.79587412753883,-1.19149636453022
"436","ENSG00000140450","ARRDC4",-2.56328628258357,-0.61610884991806
"437","ENSG00000140511","HAPLN3",-2.47006750373388,1.40135863403759
"438","ENSG00000140545","MFGE8",-4.60168919339356,1.03892592747048
"439","ENSG00000140682","TGFB1I1",-3.00782316168256,0.67070206584785
"440","ENSG00000140807","NKD1",-5.27597730232285,2.30348010886862
"441","ENSG00000141150",NA,-5.336499587612,1.66294880418647
"442","ENSG00000141298","SSH2",-4.8534594860734,1.02118868942533
"443","ENSG00000141337","ARSG",-3.28465081293016,0.806361417233456
"444","ENSG00000141401","IMPA2",-13.7916568758687,2.20023351785928
"445","ENSG00000141458","NPC1",-3.66138723002112,0.875254966208177
"446","ENSG00000141469","SLC14A1",-4.06223669396892,-3.12449519733864
"447","ENSG00000141574","SECTM1",-2.64681556157916,-0.686239470445178
"448","ENSG00000142327","RNPEPL1",-2.59382376443556,0.597825029214718
"449","ENSG00000142871","CYR61",-4.91130987127578,1.66987745905148
"450","ENSG00000142875","PRKACB",-2.45316669428181,-0.592533271800583
"451","ENSG00000143127","ITGA10",-13.324955921983,4.49217459048259
"452","ENSG00000143320","CRABP2",-10.3293850357111,-1.65443064398962
"453","ENSG00000143344","RGL1",-6.56125473303799,-1.10500947248386
"454","ENSG00000143507","DUSP10",-3.61791414969603,-1.12525316464734
"455","ENSG00000143786","CNIH3",-3.99841278496988,-1.6225888783951
"456","ENSG00000143869","GDF7",-3.38389469928896,1.90467287691891
"457","ENSG00000143878","RHOB",-5.43912789766492,1.03765091942032
"458","ENSG00000143891","GALM",-5.40143161833245,-1.07706752638422
"459","ENSG00000144369","FAM171B",-9.12776617569266,-1.27711619662769
"460","ENSG00000144724","PTPRG",-4.25039909231803,0.928472073291493
"461","ENSG00000144810","COL8A1",-3.16984729930611,0.894235365725614
"462","ENSG00000145244","CORIN",-5.65881327216042,1.75768390921682
"463","ENSG00000145362","ANK2",-5.83779858052982,-1.09004822702982
"464","ENSG00000145390","USP53",-5.4095418457901,2.23797704730012
"465","ENSG00000145431","PDGFC",-2.61048863510754,-0.72726005424309
"466","ENSG00000145506","NKD2",-3.27819765654309,1.49159379335015
"467","ENSG00000145604","SKP2",-2.73628132274825,0.817938757410935
"468","ENSG00000145632","PLK2",-3.9871726280708,-1.0858950514288
"469","ENSG00000145675","PIK3R1",-6.02250500698117,1.48743814582135
"470","ENSG00000145685","LHFPL2",-7.13906056343451,-1.2534084984908
"471","ENSG00000145687","SSBP2",-3.23131291295979,-0.748069862964215
"472","ENSG00000145777","TSLP",-13.3313610727299,-2.87052134733358
"473","ENSG00000146006","LRRTM2",-12.8050272359789,-4.5866496080991
"474","ENSG00000146122","DAAM2",-8.60610538617135,1.59491719206408
"475","ENSG00000146250","PRSS35",-8.36754753131003,-2.74276605700309
"476","ENSG00000146373","RNF217",-4.77812401332527,0.915112758619843
"477","ENSG00000146411","SLC2A12",-4.79918108599247,-0.994884245560504
"478","ENSG00000146592","CREB5",-9.3766160054562,-1.83059941012661
"479","ENSG00000147027","TMEM47",-3.1431893926722,1.08564183151303
"480","ENSG00000147119","CHST7",-9.44790349788388,1.56540628617508
"481","ENSG00000147130","ZMYM3",-3.20214530457621,-0.673710730614471
"482","ENSG00000147202","DIAPH2",-2.47417760048618,0.716564786701262
"483","ENSG00000147459","DOCK5",-2.45411142732322,0.716016450666185
"484","ENSG00000147526","TACC1",-3.75237103420039,0.855369994606108
"485","ENSG00000147576","ADHFE1",-4.02803986098199,1.35332419972666
"486","ENSG00000147883","CDKN2B",-11.7874820916775,-1.59165702744984
"487","ENSG00000148120","C9orf3",-5.43912687633546,1.07027657695226
"488","ENSG00000148175","STOM",-9.37542059518994,1.34993770919939
"489","ENSG00000148541","FAM13C",-3.28811749566494,-1.47628070362337
"490","ENSG00000148848","ADAM12",-17.6437804147107,-1.84287272387761
"491","ENSG00000148926","ADM",-2.73407594477605,0.725372495819932
"492","ENSG00000149218","ENDOD1",-10.8622098482262,2.02023938545123
"493","ENSG00000149256","TENM4",-5.57447973993191,-1.54288309579355
"494","ENSG00000149577","SIDT2",-2.57656616740003,0.707999606817927
"495","ENSG00000149591","TAGLN",-3.71451378361589,1.40125990472711
"496","ENSG00000149633","KIAA1755",-3.82347305539528,-1.41911055685119
"497","ENSG00000150540","HNMT",-4.26597343443511,0.939445006877318
"498","ENSG00000150907","FOXO1",-14.226044619505,2.09357099524484
"499","ENSG00000150938","CRIM1",-2.70362561808424,0.994163869308513
"500","ENSG00000151690","MFSD6",-4.75903596874238,1.07365926252992
"501","ENSG00000151726","ACSL1",-13.2850049451888,1.60315467028793
"502","ENSG00000151835","SACS",-2.64805086741102,-0.690029890569983
"503","ENSG00000152495","CAMK4",-3.4454658624983,-1.56343108193951
"504","ENSG00000152518","ZFP36L2",-2.82781663730226,0.690709679295329
"505","ENSG00000152580","IGSF10",-3.12904865283766,-1.2607700434087
"506","ENSG00000152583","SPARCL1",-56.6192064605225,4.55416282008915
"507","ENSG00000152601","MBNL1",-3.93448004411258,0.851067678642216
"508","ENSG00000152642","GPD1L",-2.70817655877648,0.918882018408356
"509","ENSG00000152779","SLC16A12",-6.98518458009105,3.96423002051964
"510","ENSG00000152990","ADGRA3",-2.99972757616484,-0.859118154305526
"511","ENSG00000153207","AHCTF1",-4.93166309052022,1.15952950876252
"512","ENSG00000153214","TMEM87B",-2.51921355086437,0.751282226333826
"513","ENSG00000153721","CNKSR3",-2.6813234079443,-0.862137918749382
"514","ENSG00000153904","DDAH1",-3.66595997985818,1.34142048830232
"515","ENSG00000153936","HS2ST1",-2.45432960277635,0.774508156593968
"516","ENSG00000154027","AK5",-2.6460586724549,0.80547956999125
"517","ENSG00000154127","UBASH3B",-3.61980846600225,1.06142337571265
"518","ENSG00000154262","ABCA6",-4.78885000717298,0.935591730636084
"519","ENSG00000154263","ABCA10",-3.58596784863892,-1.48053767827618
"520","ENSG00000154310","TNIK",-4.21606188032666,-0.99479398026896
"521","ENSG00000154734","ADAMTS1",-17.8611198129311,2.37490802615788
"522","ENSG00000154736","ADAMTS5",-4.61015027869953,1.79681887444013
"523","ENSG00000154767","XPC",-2.74119010179146,-0.620276735160762
"524","ENSG00000154856","APCDD1",-4.86038823101578,1.72596137330536
"525","ENSG00000154864","PIEZO2",-11.7994833717098,-2.47516397956119
"526","ENSG00000154930","ACSS1",-9.61800531429021,1.87849221725778
"527","ENSG00000155130",NA,-6.61530134208494,-1.13704689233703
"528","ENSG00000155324","GRAMD3",-3.40674975462388,1.25519087667124
"529","ENSG00000155893","PXYLP1",-4.01767493228583,-1.00152940690216
"530","ENSG00000155962","CLIC2",-6.69089869149526,-1.39622003893743
"531","ENSG00000156675","RAB11FIP1",-4.00788185161303,1.44957746620521
"532","ENSG00000156804","FBXO32",-5.87103010117151,1.3193289186041
"533","ENSG00000157110","RBPMS",-5.00823368211613,0.906713088934749
"534","ENSG00000157150","TIMP4",-11.1750763025642,2.53431442605299
"535","ENSG00000157152","SYN2",-6.36179839747253,3.46046976960481
"536","ENSG00000157214","STEAP2",-12.233534635268,1.98269757188386
"537","ENSG00000157368","IL34",-4.31395541885047,-1.99666552079513
"538","ENSG00000157483","MYO1E",-3.47144793759537,0.901781409877906
"539","ENSG00000157510","AFAP1L1",-7.94697767727605,1.50533946222959
"540","ENSG00000157514","TSC22D3",-14.9804082855167,3.25393906698077
"541","ENSG00000157601","MX1",-3.36900096368443,-1.12305580303163
"542","ENSG00000157613","CREB3L1",-5.09975880576976,-0.914557511626892
"543","ENSG00000157617","C2CD2",-5.45828401772339,1.06217434225028
"544","ENSG00000158079","PTPDC1",-3.37612298782128,0.9235917248141
"545","ENSG00000158122","AAED1",-3.14205215529822,0.798001118035543
"546","ENSG00000158246","FAM46B",-5.72883390236094,2.17437018219674
"547","ENSG00000158292","GPR153",-5.6061063928554,-1.02560908188108
"548","ENSG00000158301","GPRASP2",-2.84226437353081,-0.807462252677897
"549","ENSG00000158467","AHCYL2",-2.74745491524424,-0.748686316849838
"550","ENSG00000158716","DUSP23",-4.34620564126911,1.41672111376269
"551","ENSG00000158747","NBL1",-2.59794734265257,0.833998179885867
"552","ENSG00000158813","EDA",-2.64780138006928,1.5317744940525
"553","ENSG00000159167","STC1",-4.22511092137271,2.28538197012256
"554","ENSG00000159212","CLIC6",-4.38662205366947,1.04696423354254
"555","ENSG00000159423","ALDH4A1",-3.01241322950718,0.838169274022271
"556","ENSG00000159840","ZYX",-2.8114513765846,0.686282391539652
"557","ENSG00000159884","CCDC107",-5.57379969567724,1.06106180919782
"558","ENSG00000160145","KALRN",-2.66772602820549,-1.68812129329651
"559","ENSG00000160200","CBS",-3.66208142315732,1.20235087152539
"560","ENSG00000160446","ZDHHC12",-2.93193156647603,0.865169306085028
"561","ENSG00000160460","SPTBN4",-2.81392618147305,-1.00797786827701
"562","ENSG00000160613","PCSK7",-3.21100790445968,1.1243279845839
"563","ENSG00000161011","SQSTM1",-2.85505772552719,-0.729326970073176
"564","ENSG00000161381","PLXDC1",-3.55240441880352,-1.25192110167958
"565","ENSG00000161513","FDXR",-2.84494659765346,-1.1416229847361
"566","ENSG00000161647","MPP3",-4.63187614273108,1.44609307482228
"567","ENSG00000161682","FAM171A2",-5.28084302763843,-1.22051686382329
"568","ENSG00000161813","LARP4",-3.58628918039261,0.760033624053136
"569","ENSG00000162407","PLPP3",-4.95994614863318,-1.02805662582439
"570","ENSG00000162426","SLC45A1",-4.41360565780394,1.29673022125806
"571","ENSG00000162493","PDPN",-3.43640722959933,1.82100000837085
"572","ENSG00000162614","NEXN",-18.7892790201033,2.06079152828867
"573","ENSG00000162616","DNAJB4",-11.8432482966374,1.48897889304158
"574","ENSG00000162630","B3GALT2",-4.21763244354601,2.85604538273215
"575","ENSG00000162643","WDR63",-4.59043369548538,-1.76968676986228
"576","ENSG00000162692","VCAM1",-34.1967782980194,-3.21477819087585
"577","ENSG00000162704","ARPC5",-5.84130106710895,0.99856263974807
"578","ENSG00000162772","ATF3",-5.94213706963306,1.97747733571484
"579","ENSG00000162878","PKDCC",-4.70404504506184,1.43890264670656
"580","ENSG00000162944","RFTN2",-3.36718060687802,-1.02675059203346
"581","ENSG00000163017","ACTG2",-4.44043236563779,2.16107904460434
"582","ENSG00000163083","INHBB",-8.3082844718556,3.71680405519892
"583","ENSG00000163110","PDLIM5",-14.8421442285132,1.68685374664847
"584","ENSG00000163171","CDC42EP3",-4.70448100066525,1.47584970132594
"585","ENSG00000163251","FZD5",-3.19015510861065,1.95155230870119
"586","ENSG00000163378","EOGT",-7.34659480536904,1.28289158587442
"587","ENSG00000163394","CCKAR",-3.7868537943658,-2.17688956508699
"588","ENSG00000163430","FSTL1",-2.9305023197128,0.822902696690664
"589","ENSG00000163431","LMOD1",-3.70880472621273,1.15618935079122
"590","ENSG00000163491","NEK10",-8.91191190205286,-2.54736210498117
"591","ENSG00000163513","TGFBR2",-7.51013922330978,1.35422417203863
"592","ENSG00000163661","PTX3",-9.22804317465125,2.00263436223262
"593","ENSG00000163697","APBB2",-5.37016697793879,0.97851751656992
"594","ENSG00000163884","KLF15",-18.3049858807428,4.41967000313151
"595","ENSG00000163947","ARHGEF3",-3.10737077073141,-0.95619019696826
"596","ENSG00000164050","PLXNB1",-2.99217175096644,0.708170009810732
"597","ENSG00000164070","HSPA4L",-5.58135255090657,-1.22039688302263
"598","ENSG00000164104","HMGB2",-5.31175549022052,1.08914987251377
"599","ENSG00000164105","SAP30",-7.05732280176997,1.32251232546305
"600","ENSG00000164125","FAM198B",-5.89397535583881,1.03586842917312
"601","ENSG00000164171","ITGA2",-3.89293657317526,-0.974291310850997
"602","ENSG00000164237","CMBL",-3.28347106937814,-0.835903725678461
"603","ENSG00000164291","ARSK",-3.53499538652365,0.791145074883679
"604","ENSG00000164292","RHOBTB3",-3.33048822842321,0.976089005586734
"605","ENSG00000164305","CASP3",-2.81471009541509,0.746294529987054
"606","ENSG00000164330","EBF1",-4.49623604021585,1.05051170614399
"607","ENSG00000164440","TXLNB",-3.46589311975243,-1.188330572017
"608","ENSG00000164442","CITED2",-7.8113639366608,1.38936346200525
"609","ENSG00000164484","TMEM200A",-6.80130939945197,-1.06348629279575
"610","ENSG00000164619","BMPER",-4.60770869458233,-1.3957742604247
"611","ENSG00000164647","STEAP1",-16.2543901840781,1.73598438070332
"612","ENSG00000164761","TNFRSF11B",-3.66576314401349,-1.39833221231206
"613","ENSG00000164930","FZD6",-2.77059372116471,0.980900782397266
"614","ENSG00000164933","SLC25A32",-3.90373212444982,0.873689618886784
"615","ENSG00000165030","NFIL3",-4.50536187405013,1.03357826963336
"616","ENSG00000165072","MAMDC2",-9.16934739381298,1.99015465038578
"617","ENSG00000165272","AQP3",-9.80845337415909,-2.79497413690589
"618","ENSG00000165507","C10orf10",-6.77645049069209,1.52642349274668
"619","ENSG00000165533","TTC8",-2.55093765661454,-0.638627279359057
"620","ENSG00000165801","ARHGEF40",-3.45803936448233,-0.89877731394128
"621","ENSG00000165802","NSMF",-4.00274803115581,0.771921960644307
"622","ENSG00000165821","SALL2",-3.02528730126928,-0.793076369593697
"623","ENSG00000165891","E2F7",-2.5016429996014,-1.41373485020692
"624","ENSG00000165895","ARHGAP42",-3.1434091751668,-1.2632359539797
"625","ENSG00000165995","CACNB2",-19.9696723071488,3.46192281404521
"626","ENSG00000165996","HACD1",-2.9988196971994,0.949801862731298
"627","ENSG00000166260","COX11",-3.40258389639203,0.882975245731886
"628","ENSG00000166341","DCHS1",-3.35330306954642,-0.743657054800557
"629","ENSG00000166347","CYB5A",-2.64241398337882,0.607456284907323
"630","ENSG00000166482","MFAP4",-6.29740326099102,-1.0483034746334
"631","ENSG00000166484","MAPK7",-2.63570681579061,0.715119184099379
"632","ENSG00000166592","RRAD",-3.75493154728445,-1.58522976839574
"633","ENSG00000166741","NNMT",-18.6852493079409,2.02098673139312
"634","ENSG00000166793","YPEL4",-3.19611176704967,-1.29899831133652
"635","ENSG00000166825","ANPEP",-5.01883942531859,1.04947158433329
"636","ENSG00000166963","MAP1A",-3.31812993668654,-0.805475819228597
"637","ENSG00000166974","MAPRE2",-3.26408951066001,-0.857552198603551
"638","ENSG00000166979","EVA1C",-3.61154820345159,1.44363567763356
"639","ENSG00000167106","FAM102A",-3.28138516162442,-0.9168979006811
"640","ENSG00000167191","GPRC5B",-6.96672833351132,1.69154265976747
"641","ENSG00000167460","TPM4",-3.58880410905072,0.777300440444932
"642","ENSG00000167549","CORO6",-11.3328370446439,2.20548378657273
"643","ENSG00000167552","TUBA1A",-7.87716849229235,-1.31408594048269
"644","ENSG00000167641","PPP1R14A",-10.8771338641836,2.87128895745339
"645","ENSG00000167645","YIF1B",-5.50782606880061,1.12755216511054
"646","ENSG00000167797","CDK2AP2",-2.97397302919638,0.816322742198687
"647","ENSG00000167992","VWCE",-4.1125613096451,-1.46568852271793
"648","ENSG00000168077","SCARA3",-3.13933349535263,-0.699994504266257
"649","ENSG00000168234","TTC39C",-2.59131426037379,0.658654587451089
"650","ENSG00000168309","FAM107A",-7.44357329640283,4.77618875160193
"651","ENSG00000168398","BDKRB2",-8.6221581518826,-1.90242716564659
"652","ENSG00000168461","RAB31",-2.9992508907571,0.791290718405594
"653","ENSG00000168542","COL3A1",-3.49424123499078,-0.822022992603583
"654","ENSG00000168556","ING2",-4.42244951585646,1.21696841445883
"655","ENSG00000168621","GDNF",-4.25828913661818,1.42386076744799
"656","ENSG00000168646","AXIN2",-4.31628914857973,1.12624754082291
"657","ENSG00000168811","IL12A",-3.36155517568463,-1.96210334877902
"658","ENSG00000168890","TMEM150A",-4.12510300532919,0.895603852404884
"659","ENSG00000168994","PXDC1",-6.32137099102076,1.18941452211978
"660","ENSG00000169031","COL4A3",-4.72067431964274,2.21370294618744
"661","ENSG00000169218","RSPO1",-5.14961806570045,1.42315700645207
"662","ENSG00000169271","HSPB3",-4.63618137847521,2.13050566603403
"663","ENSG00000169504","CLIC4",-2.88280633515156,0.74697935527168
"664","ENSG00000169715","MT1E",-12.8866535035568,1.97614717384947
"665","ENSG00000169738","DCXR",-11.325803684236,2.00564696610598
"666","ENSG00000169744","LDB2",-6.87407717957439,-1.22894682711137
"667","ENSG00000169750","RAC3",-3.54728466905218,1.49562933324377
"668","ENSG00000169764","UGP2",-4.28575170818974,0.907055876082884
"669","ENSG00000169855","ROBO1",-5.8147862457131,-1.14633602921107
"670","ENSG00000169908","TM4SF1",-4.78803504744004,1.08829261999591
"671","ENSG00000169926","KLF13",-2.96366830015346,0.763413873415357
"672","ENSG00000170214","ADRA1B",-8.90840538489585,3.40834989075251
"673","ENSG00000170365","SMAD1",-4.00835144702377,-0.960852780957239
"674","ENSG00000170485","NPAS2",-3.6680969048619,1.08348813405604
"675","ENSG00000170624","SGCD",-4.0941225966351,-1.24221173715403
"676","ENSG00000170775","GPR37",-2.52344379561322,1.43949221650046
"677","ENSG00000170873","MTSS1",-7.01669604540692,1.85435797355804
"678","ENSG00000170921","TANC2",-2.70288523227474,0.643384804098416
"679","ENSG00000170989","S1PR1",-7.16309132389088,-1.69731356591669
"680","ENSG00000171033","PKIA",-3.97006535691483,-1.37605467512585
"681","ENSG00000171132","PRKCE",-4.8017730504763,-1.16474355268521
"682","ENSG00000171385","KCND3",-3.50168892663148,1.40532496354528
"683","ENSG00000171469","ZNF561",-3.12509333166649,-0.714068025236735
"684","ENSG00000171492","LRRC8D",-3.82184633486853,-0.85104201438508
"685","ENSG00000171509","RXFP1",-2.56657416381771,-1.77498396194708
"686","ENSG00000171608","PIK3CD",-2.87979247824789,0.819032358896161
"687","ENSG00000171617","ENC1",-4.89591385409015,-1.24339766431329
"688","ENSG00000171793","CTPS1",-6.96936295830468,1.43922686945559
"689","ENSG00000172061","LRRC15",-3.89540743349658,-2.69622917470367
"690","ENSG00000172260","NEGR1",-4.36104775752626,1.48617379988655
"691","ENSG00000172403","SYNPO2",-9.48918641395786,1.63342352415314
"692","ENSG00000172465","TCEAL1",-4.18322433283779,0.904607158160345
"693","ENSG00000172738","TMEM217",-3.13649985675622,-1.5995722014105
"694","ENSG00000172831","CES2",-2.48777576483794,-0.579238078956467
"695","ENSG00000172954","LCLAT1",-2.60651888285516,0.993607939097893
"696","ENSG00000172985","SH3RF3",-4.08786040196528,0.960311937933574
"697","ENSG00000172986","GXYLT2",-10.736826213765,-1.60288402313307
"698","ENSG00000173068","BNC2",-4.53892204653073,-0.879515531630197
"699","ENSG00000173221","GLRX",-4.94146486505458,0.983494966803636
"700","ENSG00000173517","PEAK1",-4.54757238000659,0.899897022262907
"701","ENSG00000173546","CSPG4",-2.44747482111752,-0.686595971839941
"702","ENSG00000173838","MARCH10",-13.0262773670698,3.898989708262
"703","ENSG00000173918","C1QTNF1",-4.43286337911877,1.19560809919441
"704","ENSG00000174099","MSRB3",-3.36037564950267,0.774305651049353
"705","ENSG00000174136","RGMB",-5.41998299757512,-0.938779684351917
"706","ENSG00000174306","ZHX3",-6.06516362598977,1.01374998557191
"707","ENSG00000174437","ATP2A2",-7.8998065275943,1.44518967766137
"708","ENSG00000174697","LEP",-6.3113244327018,3.11520220792691
"709","ENSG00000175130","MARCKSL1",-5.81075660396378,-1.16578850664577
"710","ENSG00000175197","DDIT3",-3.97915483378617,-0.865553010829154
"711","ENSG00000175471","MCTP1",-3.96467332205544,1.78592128583794
"712","ENSG00000175538","KCNE3",-3.77813667273221,-1.27565461175045
"713","ENSG00000176771","NCKAP5",-5.74060777838084,-2.26088971846762
"714","ENSG00000176928","GCNT4",-4.09331163164725,2.20124912424117
"715","ENSG00000176971","FIBIN",-3.78562119720934,0.975112296937092
"716","ENSG00000177283","FZD8",-6.56871358005925,2.25374562429135
"717","ENSG00000177409","SAMD9L",-2.61571813024423,-0.614970770510019
"718","ENSG00000177426","TGIF1",-3.4712446556376,0.772814736021916
"719","ENSG00000177570","SAMD12",-3.60005441189223,-1.77720275551148
"720","ENSG00000177614","PGBD5",-8.08021931280409,-2.24781992511743
"721","ENSG00000177666","PNPLA2",-5.90476239189341,0.991833575372236
"722","ENSG00000177674","AGTRAP",-4.24582386665272,0.963966638349266
"723","ENSG00000177706","FAM20C",-3.37337555087981,0.95557426956839
"724","ENSG00000178031","ADAMTSL1",-2.55050811340027,-1.21070308062253
"725","ENSG00000178425","NT5DC1",-3.27070186644137,-0.745433831055217
"726","ENSG00000178695","KCTD12",-23.0207286516378,-2.37357884613392
"727","ENSG00000179094","PER1",-24.5407307978891,2.9608920247532
"728","ENSG00000179222","MAGED1",-3.00549605253129,-0.689553732179522
"729","ENSG00000179300","ZCCHC5",-3.55220746519175,2.85986509192952
"730","ENSG00000179593","ALOX15B",-18.22302516129,8.69004897960129
"731","ENSG00000179820","MYADM",-10.0544188693118,1.55074203169045
"732","ENSG00000180139","ACTA2-AS1",-4.97851082627235,1.36667586073731
"733","ENSG00000181019","NQO1",-2.78381185068334,-0.754113169560823
"734","ENSG00000181061","HIGD1A",-6.4841851606427,1.13155639855014
"735","ENSG00000181192","DHTKD1",-3.39721313650617,0.736765824144705
"736","ENSG00000181467","RAP2B",-9.80362628934848,-1.39373935521285
"737","ENSG00000182010","RTKN2",-5.56176660489833,-1.8102763263056
"738","ENSG00000182054","IDH2",-2.66467762172721,0.665051420770547
"739","ENSG00000182197","EXT1",-3.60042881270406,-0.788846683037178
"740","ENSG00000182199","SHMT2",-3.10970508495236,-0.67648304136439
"741","ENSG00000182397","DNM1P46",-2.50675824171456,-1.54728788361685
"742","ENSG00000182472","CAPN12",-4.29466752821294,0.927855498253403
"743","ENSG00000182552","RWDD4",-5.50198256289331,1.03019010218878
"744","ENSG00000182580","EPHB3",-4.95622960242473,-1.37495325548245
"745","ENSG00000182704","TSKU",-3.16323159999953,0.840124926167993
"746","ENSG00000182718","ANXA2",-2.55511202485015,0.644107252841852
"747","ENSG00000183023","SLC8A1",-2.65805846391882,-0.834958415810685
"748","ENSG00000183044","ABAT",-7.63372590729683,1.21304217310733
"749","ENSG00000183049","CAMK1D",-4.12054958332218,-1.0140266863134
"750","ENSG00000183160","TMEM119",-7.63312228229686,-1.177221116716
"751","ENSG00000183496","MEX3B",-2.93598412842379,-1.62178358280339
"752","ENSG00000183508","FAM46C",-8.26410471179721,-2.59379679984181
"753","ENSG00000183688","FAM101B",-3.03457666682138,0.73256277283844
"754","ENSG00000183722","LHFP",-2.8149392442271,0.644152400046851
"755","ENSG00000183723","CMTM4",-3.47522725451044,0.89829248784898
"756","ENSG00000183726","TMEM50A",-2.90960453459998,0.702046055682199
"757","ENSG00000183801","OLFML1",-4.50411244910242,-1.05389200534503
"758","ENSG00000183876","ARSI",-5.21083783190472,-1.4047738182206
"759","ENSG00000183963","SMTN",-4.18654461025812,-0.890890813499191
"760","ENSG00000184304","PRKD1",-3.54465035777635,0.768325951549167
"761","ENSG00000184307","ZDHHC23",-4.04986574361193,1.75338018085461
"762","ENSG00000184564","SLITRK6",-4.48210841324795,-2.87199024897746
"763","ENSG00000184743","ATL3",-2.6755213657029,0.703113507527834
"764","ENSG00000185022","MAFF",-6.30251047113187,1.1302768197761
"765","ENSG00000185112","FAM43A",-2.65451153055114,1.00733099638743
"766","ENSG00000185215","TNFAIP2",-3.68583895680724,-0.88376073270698
"767","ENSG00000185222","TCEAL9",-3.01311202085666,0.708824181976025
"768","ENSG00000185338","SOCS1",-2.73365846752052,-1.26230741185024
"769","ENSG00000185418","TARSL2",-2.88495929231767,-1.02976357608124
"770","ENSG00000185432","METTL7A",-12.9832012060443,2.13239229507106
"771","ENSG00000185561","TLCD2",-2.80729847260696,1.3044924561503
"772","ENSG00000185650","ZFP36L1",-2.65514322099028,-0.735288107332604
"773","ENSG00000185716","C16orf52",-3.81926641588776,0.897869257459982
"774","ENSG00000185745","IFIT1",-2.89598844075197,-1.54387439046012
"775","ENSG00000185813","PCYT2",-4.11523058361795,0.943587467096224
"776","ENSG00000185950","IRS2",-15.9936499675703,2.00557841131755
"777","ENSG00000186073","C15orf41",-3.25716090631754,-0.864652592592948
"778","ENSG00000186469","GNG2",-3.59318073478349,-0.980539638677332
"779","ENSG00000186480","INSIG1",-2.45130284561824,-1.25728121196225
"780","ENSG00000186575","NF2",-3.44149501471625,0.952472780938279
"781","ENSG00000186594","MIR22HG",-3.52966678880411,0.798561920444717
"782","ENSG00000186918","ZNF395",-2.79727320700824,0.724614769902254
"783","ENSG00000187193","MT1X",-13.3729040225436,3.06411840404991
"784","ENSG00000187239","FNBP1",-2.70250352656267,0.736498703265081
"785","ENSG00000187498","COL4A1",-5.55379408377206,1.37342621385433
"786","ENSG00000187955","COL14A1",-2.78270911612934,-0.956751418934217
"787","ENSG00000188042","ARL4C",-4.18150154354976,-0.797149633426694
"788","ENSG00000188176","SMTNL2",-5.22151797846709,-3.69675063065392
"789","ENSG00000188215","DCUN1D3",-2.45467553135431,0.642341927450312
"790","ENSG00000188706","ZDHHC9",-3.30586074393941,0.718147507221301
"791","ENSG00000189007","ADAT2",-2.64859123258959,-1.06572638490982
"792","ENSG00000189184","PCDH18",-3.89808897979413,-0.847963034912133
"793","ENSG00000189221","MAOA",-42.7351007842843,3.14465035444286
"794","ENSG00000196155","PLEKHG4",-7.35667017452747,-1.55207093820005
"795","ENSG00000196230","TUBB",-5.91148390196353,-1.20347514597182
"796","ENSG00000196411","EPHB4",-3.51084175955738,-0.956432171456044
"797","ENSG00000196507","TCEAL3",-5.59894397084641,1.05299347076564
"798","ENSG00000196517","SLC6A9",-14.869160693242,-2.41820140538506
"799","ENSG00000196526","AFAP1",-2.71163527396763,-0.678015391915434
"800","ENSG00000196569","LAMA2",-10.2281883201228,1.95569883626921
"801","ENSG00000196616","ADH1B",-5.04849753153268,1.15163730110383
"802","ENSG00000196639","HRH1",-3.17620279429463,-0.721543840390333
"803","ENSG00000196715","VKORC1L1",-3.08273798547002,0.692807753811289
"804","ENSG00000196781","TLE1",-3.29253494587805,0.782690946500191
"805","ENSG00000196850","PPTC7",-4.0737198196202,0.954291093628416
"806","ENSG00000196932","TMEM26",-6.52430229248169,-2.47797800750982
"807","ENSG00000196950","SLC39A10",-4.794451745498,-1.14500099389208
"808","ENSG00000196975","ANXA4",-6.80973756172683,1.16530023421304
"809","ENSG00000197043","ANXA6",-4.26855858444736,0.878183023773564
"810","ENSG00000197045","GMFB",-2.99565891780306,0.682116239200968
"811","ENSG00000197119","SLC25A29",-2.70032795059915,-0.815428517021743
"812","ENSG00000197301","RP11-366L20.2",-9.52629107185022,2.38356198162756
"813","ENSG00000197312","DDI2",-4.08232270882538,0.982579424319373
"814","ENSG00000197381","ADARB1",-4.76833968461421,2.20126120477279
"815","ENSG00000197442","MAP3K5",-2.91451463329376,0.698395665656733
"816","ENSG00000197860","SGTB",-3.0008741000535,0.72299767915363
"817","ENSG00000197872","FAM49A",-3.17400212270449,-0.877546994061679
"818","ENSG00000198189","HSD17B11",-3.40448617879793,0.734132083358347
"819","ENSG00000198431","TXNRD1",-7.62590718432372,1.43083451812571
"820","ENSG00000198467","TPM2",-2.70335027850252,0.813089657921188
"821","ENSG00000198585","NUDT16",-2.54000698787962,0.603276056530684
"822","ENSG00000198624","CCDC69",-22.578835638769,2.92797127299253
"823","ENSG00000198728","LDB1",-2.84599693228766,-0.666821886078341
"824","ENSG00000198795","ZNF521",-5.1566388342364,-0.935118485858333
"825","ENSG00000198932","GPRASP1",-3.06735296344787,-1.10627555193505
"826","ENSG00000203722","RAET1G",-2.57545354276667,-1.25363294707823
"827","ENSG00000203727","SAMD5",-3.68299543649747,-1.08341808023383
"828","ENSG00000204183","GDF5OS",-2.73386875399638,-1.09152788898219
"829","ENSG00000204219","TCEA3",-2.45594630235692,-0.82947200547406
"830","ENSG00000205208","C4orf46",-7.19971586197122,-1.35402769304603
"831","ENSG00000205213","LGR4",-4.63885605468356,-1.12993952047988
"832","ENSG00000205364","MT1M",-3.32649603732139,1.83891961216049
"833","ENSG00000205978","NYNRIN",-7.4477650513779,-1.25754596770643
"834","ENSG00000206052","DOK6",-3.27310169235395,-1.12290130738641
"835","ENSG00000206190","ATP10A",-2.70532160151509,1.19717017819625
"836","ENSG00000206538","VGLL3",-5.39345493939727,1.29126825184411
"837","ENSG00000211445","GPX3",-15.3857883834022,3.64282954264914
"838","ENSG00000211448","DIO2",-10.0188358102306,1.97575369522149
"839","ENSG00000213002",NA,-3.69754082161637,0.854786130201827
"840","ENSG00000213064","SFT2D2",-2.75302124540753,0.818077477198291
"841","ENSG00000213160","KLHL23",-4.84096726379805,1.71496078835616
"842","ENSG00000213626","LBH",-2.85266578639687,1.32655311279752
"843","ENSG00000213639","PPP1CB",-4.27164890285507,0.999475655259834
"844","ENSG00000213853","EMP2",-2.99087862999962,0.772773966842259
"845","ENSG00000214814","FER1L6",-9.28665239481175,-2.65459334231083
"846","ENSG00000214944","ARHGEF28",-4.2216589246047,1.0418526763282
"847","ENSG00000215386","MIR99AHG",-2.54700357341267,-1.24634353969581
"848","ENSG00000219481","NBPF1",-4.79457340020565,-0.922213957475405
"849","ENSG00000221866","PLXNA4",-4.71032335954949,2.82217981101145
"850","ENSG00000221869","CEBPD",-9.4881729070041,1.37404363941049
"851","ENSG00000221968","FADS3",-4.22994521319936,0.915818204763632
"852","ENSG00000223774","RP11-307B6.3",-3.03860722424364,1.10616819578557
"853","ENSG00000224729","PCOLCE-AS1",-2.64755753020307,-0.704902017462974
"854","ENSG00000225697","SLC26A6",-3.01725845592979,0.853670695467339
"855","ENSG00000225783","MIAT",-2.71772596592166,-1.8685790545484
"856","ENSG00000226137","BAIAP2-AS1",-3.02059594790182,-0.707588865380461
"857","ENSG00000226950","DANCR",-4.72523348838492,1.23984874221923
"858","ENSG00000227051","C14orf132",-7.51715675276389,-1.16148699361119
"859","ENSG00000227220","RP11-69I8.3",-4.37053097946894,2.16384138126927
"860","ENSG00000230149","RP3-508I15.19",-2.7090577894328,1.70234761413354
"861","ENSG00000232220","AC008440.5",-7.50813796853628,1.83420382980361
"862","ENSG00000233117","LINC00702",-8.93249673434247,3.44753049612135
"863","ENSG00000234531",NA,-2.8102970704431,1.4866334261947
"864","ENSG00000235033","RP11-61I13.3",-3.96047608249037,1.4348214425637
"865","ENSG00000235109","ZSCAN31",-4.10480470383773,-2.04275013160824
"866","ENSG00000235513","RP4-756G23.5",-3.2394349939628,-1.39242177852013
"867","ENSG00000235852","AC005540.3",-2.61063488492151,1.28637727298475
"868","ENSG00000235927","NEXN-AS1",-3.13148778537159,1.39475315996672
"869","ENSG00000236104","ZBTB22",-2.70126962367561,-0.712353311711512
"870","ENSG00000237697",NA,-4.06705410268265,1.98903592698395
"871","ENSG00000241399","CD302",-6.00888771180046,1.50958275133103
"872","ENSG00000242265","PEG10",-4.14265023028091,-0.977623651783199
"873","ENSG00000242539","AC007620.3",-4.79680925693176,0.942478671946793
"874","ENSG00000243244","STON1",-8.68577862961427,1.37349283612969
"875","ENSG00000244405","ETV5",-2.46984375145052,0.822411042691472
"876","ENSG00000244462","RBM12",-3.13490678289363,0.711504652091999
"877","ENSG00000244491","RP3-508I15.18",-3.61432498107634,1.84217497731025
"878","ENSG00000245812","RP11-175K6.1",-3.94258273883465,1.52811083753172
"879","ENSG00000245958","RP11-33B1.1",-2.50694590573929,-0.841965986903773
"880","ENSG00000246273","SBF2-AS1",-2.84434212083855,1.46838421289421
"881","ENSG00000246430","LINC00968",-12.1824783829781,1.80755775924776
"882","ENSG00000246763","RGMB-AS1",-4.5154099678307,-1.4373618178121
"883","ENSG00000248429","RP11-597D13.9",-3.02320057173079,0.791260278364722
"884","ENSG00000250978","RP11-357D18.1",-11.9375253477058,6.41488101268117
"885","ENSG00000253276","CCDC71L",-4.04780856455857,0.990403201389417
"886","ENSG00000253368","TRNP1",-19.5745409897358,2.02500812977058
"887","ENSG00000254726","MEX3A",-3.46090350643692,-1.88643773645343
"888","ENSG00000255108","AP006621.8",-2.471761992237,1.27598143005822
"889","ENSG00000256747","RP11-860B13.1",-2.71007528389366,1.47406672151973
"890","ENSG00000257453","RP11-290L1.3",-4.58298334018438,-1.3651385950285
"891","ENSG00000258947","TUBB3",-2.94881916820849,-1.55603329105738
"892","ENSG00000259279","CTD-2033D15.1",-8.49399884184562,1.83485619434986
"893","ENSG00000259758",NA,-3.11817742437721,0.714322441766311
"894","ENSG00000260396",NA,-4.65328782743121,2.27308355234523
"895","ENSG00000261490","RP11-448G15.3",-2.71234794388285,1.41386075260541
"896","ENSG00000261597",NA,-2.61317216451763,-0.920599483058213
"897","ENSG00000261685",NA,-4.13038220225948,2.12704190291884
"898","ENSG00000267020",NA,-3.25444721569846,0.819948285950858
"899","ENSG00000267339","LINC00906",-5.62053687906302,-4.73740775294561
"900","ENSG00000267669","RP11-824M15.3",-3.22286082515137,1.84543321957176
"901","ENSG00000267987",NA,-4.97007088393173,1.52970524377208
"902","ENSG00000268913",NA,-4.67528231349662,2.38007840126123
"903","ENSG00000268927",NA,-4.14396621899136,0.961100174165494
"904","ENSG00000269295",NA,-7.66292864371663,2.31406441876793
"905","ENSG00000269728",NA,-4.11859937831832,1.00387738269015
"906","ENSG00000270100","RP11-130L8.1",-2.79660354122589,1.95552431379747
"907","ENSG00000270504","RP11-420L9.5",-2.97809156945155,0.736438610848602
"908","ENSG00000270823","RP11-2E11.6",-3.70623052028993,-2.17815996538973
"909","ENSG00000272168","CASC15",-3.70143624452091,-1.7440235825602
"910","ENSG00000272356","RP5-1112D6.8",-4.55912814621729,1.1606595803309
"911","ENSG00000272540","XXbac-BPG252P9.9",-6.39910114071992,-1.29370375388534
"912","ENSG00000272841","RP3-428L16.2",-3.70718505930352,-2.044942328289
"913","ENSG00000272870","RP11-798M19.6",-2.57815465247702,1.14378996830164
